1   , 18C               , 1       , 1      , $0.0059    , N/A        , N/A      , 55.09 k   

 2   , 1ST               , 1       , 1      , $0.1289    , $0.1304    , 1%       , 9.32 k    

 3   , 1WO               , 3       , 1      , $0.0251    , $0.0249    , -1%      , 73.57     

 4   , ABT               , 1       , 1      , $0.2291    , $0.2274    , -1%      , 170.10 k  

 5   , ADA               , 21      , 5      , $0.0513    , $0.0509    , -1%      , 22.97 m   

 6   , ADH               , 3       , 1      , $0.0038    , $0.0037    , -1%      , 1.63 k    

 7   , ADT               , 3       , 2      , $0.0039    , $0.0039    , 0%       , 26.19 k   

 8   , ADX               , 9       , 4      , $0.0970    , $0.0961    , -1%      , 773.69 k  

 9   , AE                , 5       , 2      , $0.2843    , $0.2828    , -1%      , 760.52 k  

 10  , AEON              , 1       , 1      , $0.7290    , N/A        , N/A      , 15.45 k   

 11  , AERGO             , 3       , 2      , $0.1015    , $0.1008    , -1%      , 192.50 k  

 12  , AGI               , 3       , 1      , $0.0338    , $0.0333    , -2%      , 1.17 m    

 13  , AID               , 2       , 2      , $0.0129    , $0.0127    , -2%      , 2.33 k    

 14  , AIDOC             , 2       , 1      , $0.0039    , $0.0044    , 11%      , 135.21 k  

 15  , AION              , 3       , 1      , $0.0850    , $0.0826    , -3%      , 566.75 k  

 16  , AKRO              , 1       , 1      , $0.0222    , $0.0219    , -2%      , 1.27 m    

 17  , ALGO              , 7       , 2      , $0.6877    , $0.6810    , -1%      , 7.29 m    

 18  , AMB               , 3       , 1      , $0.0274    , $0.0271    , -1%      , 168.58 k  

 19  , AMLT              , 3       , 1      , $0.0065    , $0.0086    , 25%      , 230.16    

 20  , AMP               , 2       , 2      , $0.0060    , $0.0059    , -1%      , 2.65 k    

 21  , ANKR              , 10      , 3      , $0.0066    , $0.0065    , -1%      , 17.11 m   

 22  , ANT               , 4       , 2      , $0.7872    , $0.7796    , -1%      , 8.89 k    

 23  , APPC              , 4       , 2      , $0.0386    , $0.0385    , 0%       , 303.18 k  

 24  , ARDR              , 8       , 5      , $0.0642    , $0.0638    , -1%      , 285.88 k  

 25  , ARK               , 5       , 3      , $0.2742    , $0.2715    , -1%      , 457.27 k  

 26  , ARN               , 2       , 1      , $0.2445    , $0.2423    , -1%      , 373.70 k  

 27  , ART               , 1       , 1      , $0.1093    , N/A        , N/A      , 827.21    

 28  , AST               , 3       , 2      , $0.0302    , $0.0300    , -1%      , 261.03 k  

 29  , ATOM              , 16      , 5      , $3.47      , $3.44      , -1%      , 5.51 m    

 30  , ATP               , 1       , 1      , $0.0120    , N/A        , N/A      , 2.80 k    

 31  , BAT               , 25      , 7      , $0.2186    , $0.2170    , -1%      , 9.02 m    

 32  , BAY               , 2       , 2      , $0.0039    , $0.0038    , -3%      , 155.94 k  

 33  , BCD               , 2       , 1      , $0.7651    , $0.7649    , 0%       , 111.72 k  

 34  , BCH               , 40      , 11     , $334.79    , $333.86    , 0%       , 38.98 m   

 35  , BCN               , 2       , 1      , $0.0006    , $0.0006    , -1%      , 27.82 k   

 36  , BCPT              , 8       , 3      , $0.0351    , $0.0346    , -1%      , 200.99 k  

 37  , BCV               , 1       , 1      , $0.0226    , $0.0224    , -1%      , 590.62 k  

 38  , BFT               , 3       , 3      , $0.0245    , $0.0243    , -1%      , 80.07 k   

 39  , BGBP              , 1       , 1      , $1.22      , $1.21      , 0%       , 7.15 k    

 40  , BIFI              , 1       , 1      , $0.0027    , N/A        , N/A      , 6.53 k    

 41  , BIX               , 2       , 1      , $0.3028    , $0.3003    , -1%      , 830.28 k  

 42  , BKBT              , 1       , 1      , $0.0010    , $0.0010    , -1%      , 31.26 k   

 43  , BKX               , 2       , 2      , $0.0060    , $0.0064    , 7%       , 29.33 k   

 44  , BLK               , 2       , 2      , $0.0592    , $0.0609    , 3%       , 15.06 k   

 45  , BLOCK             , 2       , 2      , $1.79      , $1.77      , -1%      , 243.74 k  

 46  , BLT               , 2       , 2      , $0.0598    , $0.0595    , 0%       , 24.87 k   

 47  , BLZ               , 3       , 1      , $0.0354    , $0.0352    , -1%      , 245.63 k  

 48  , BNB               , 106     , 1      , $31.66     , $31.32     , -1%      , 208.53 m  

 49  , BNT               , 9       , 4      , $0.4781    , $0.5594    , 15%      , 32.65 k   

 50  , BOX               , 1       , 1      , $0.0163    , $0.0703    , 77%      , 77.26 k   

 51  , BOXX              , 2       , 2      , $0.0338    , $0.0335    , -1%      , 69.08 k   

 52  , BQX               , 2       , 1      , $0.1009    , N/A        , N/A      , 537.71 k  

 53  , BRD               , 3       , 1      , $0.2255    , $0.2233    , -1%      , 578.18 k  

 54  , BSV               , 10      , 4      , $145.27    , $144.25    , -1%      , 9.49 m    

 55  , BTC               , 852     , 14     , $11,955.92 , $11,848.00 , -1%      , 9.88 b    

 56  , BTCB              , 1       , 1      , $11,954.73 , N/A        , N/A      , 8.61 k    

 57  , BTG               , 3       , 2      , $16.10     , $16.14     , 0%       , 691.39 k  

 58  , BTM               , 3       , 3      , $0.1080    , $0.1069    , -1%      , 104.70 k  

 59  , BTRN              , 3       , 1      , $0.0007    , N/A        , N/A      , 4.59      

 60  , BTS               , 6       , 4      , $0.0453    , $0.0449    , -1%      , 169.50 k  

 61  , BTT               , 12      , 4      , $0.0007    , $0.0202    , 96%      , 9.95 m    

 62  , BTU               , 2       , 2      , $0.3617    , N/A        , N/A      , 1.26 k    

 63  , BURST             , 2       , 2      , $0.0060    , $0.0060    , 0%       , 226.33 k  

 64  , BUT               , 1       , 1      , $0.0048    , N/A        , N/A      , 101.61 k  

 65  , CDT               , 2       , 1      , $0.0155    , $0.0154    , -1%      , 264.75 k  

 66  , CEL               , 2       , 1      , $0.0608    , N/A        , N/A      , 51.22 k   

 67  , CELR              , 3       , 1      , $0.0094    , $0.0093    , -2%      , 7.22 m    

 68  , CHAT              , 1       , 1      , $0.0044    , $0.0043    , -2%      , 109.89 k  

 69  , CHI               , 3       , 1      , $0.0308    , $0.0306    , -1%      , 32.21 k   

 70  , CLAM              , 1       , 1      , $3.47      , $3.43      , -1%      , 4.06 k    

 71  , CMCT              , 5       , 3      , $0.0008    , $0.0009    , 3%       , 4.24 k    

 72  , CMT               , 5       , 2      , $0.0332    , $0.0334    , 1%       , 1.06 m    

 73  , CND               , 3       , 1      , $0.0085    , $0.0084    , -1%      , 149.07 k  

 74  , CNN               , 1       , 1      , $0.0001    , $0.0001    , 1%       , 217.03 k  

 75  , COS               , 3       , 1      , $0.0349    , $0.0296    , -18%     , 48.52 m   

 76  , COSM              , 1       , 1      , $0.0159    , $0.0159    , 0%       , 1.26 m    

 77  , COT               , 1       , 1      , $0.0362    , $0.0000    , -113437% , 5.72 k    

 78  , COVA              , 1       , 1      , $0.0012    , $0.0012    , 1%       , 33.43 k   

 79  , CRE               , 1       , 1      , $0.0185    , $0.0186    , 0%       , 6.32 m    

 80  , CRO               , 3       , 3      , $0.0477    , $0.0468    , -2%      , 309.22 k  

 81  , CRPT              , 3       , 1      , $0.4117    , $0.3689    , -12%     , 314.32 k  

 82  , CRW               , 2       , 2      , $0.0772    , $0.0760    , -2%      , 5.59 k    

 83  , CTXC              , 4       , 3      , $0.1277    , N/A        , N/A      , 1.73 m    

 84  , CURE              , 1       , 1      , $0.0571    , $0.0566    , -1%      , 3.37 k    

 85  , CVC               , 13      , 6      , $0.0451    , $0.0504    , 11%      , 496.93 k  

 86  , CVCOIN            , 1       , 1      , $0.1239    , N/A        , N/A      , 50.87 k   

 87  , CVNT              , 1       , 1      , $0.0332    , $0.0329    , -1%      , 110.52 k  

 88  , Contents Protocol , 1       , 1      , $0.0039    , N/A        , N/A      , 186.60 k  

 89  , DACS              , 3       , 1      , $0.0032    , N/A        , N/A      , 0.65      

 90  , DAI               , 4       , 2      , $1.01      , $1.01      , 0%       , 1.29 m    

 91  , DASH              , 25      , 7      , $106.51    , $105.77    , -1%      , 4.82 m    

 92  , DAT               , 1       , 1      , $0.0014    , $0.0023    , 40%      , 83.72 k   

 93  , DATA              , 2       , 1      , $0.0116    , $0.0116    , 0%       , 117.58 k  

 94  , DCR               , 10      , 5      , $28.35     , $28.12     , -1%      , 1.32 m    

 95  , DCT               , 2       , 2      , $0.0374    , $0.1011    , 63%      , 19.27 k   

 96  , DENT              , 7       , 4      , $0.0006    , $0.0005    , -10%     , 1.56 m    

 97  , DGB               , 10      , 4      , $0.0099    , $0.0098    , -1%      , 1.26 m    

 98  , DGD               , 4       , 3      , $23.80     , $23.66     , -1%      , 500.84 k  

 99  , DLT               , 3       , 1      , $0.0540    , $0.0535    , -1%      , 163.57 k  

 100 , DMT               , 5       , 2      , $0.1253    , $0.1232    , -2%      , 148.22 k  

 101 , DNT               , 5       , 4      , $0.0080    , $0.0079    , -1%      , 109.62 k  

 102 , DOCK              , 3       , 2      , $0.0062    , $0.0067    , 7%       , 630.52 k  

 103 , DOGE              , 15      , 6      , $0.0029    , $0.0030    , 1%       , 2.24 m    

 104 , DRG               , 3       , 1      , $0.1318    , N/A        , N/A      , 34.47 k   

 105 , DRGN              , 2       , 2      , $0.0731    , $0.0755    , 3%       , 10.28 k   

 106 , DTA               , 5       , 3      , $0.0008    , $0.0008    , -1%      , 177.09 k  

 107 , DUSK              , 5       , 1      , $0.1561    , $0.1563    , 0%       , 17.54 m   

 108 , EDG               , 2       , 2      , $0.0574    , $0.0567    , -1%      , 21.19 k   

 109 , EDO               , 2       , 1      , $0.5608    , $0.5557    , -1%      , 745.53 k  

 110 , EDR               , 4       , 2      , $0.0102    , $0.0103    , 0%       , 56.62 k   

 111 , EDU               , 1       , 1      , $0.0002    , $0.0002    , 0%       , 22.80 k   

 112 , EGCC              , 1       , 1      , $0.0005    , N/A        , N/A      , 55.62 k   

 113 , EGT               , 1       , 1      , $0.0417    , $0.0417    , 0%       , 1.14 m    

 114 , EKO               , 1       , 1      , $0.0029    , $0.0027    , -5%      , 39.63 k   

 115 , EKT               , 1       , 1      , $0.1472    , N/A        , N/A      , 3.34 m    

 116 , ELA               , 2       , 1      , $3.19      , $3.15      , -1%      , 90.77 k   

 117 , ELF               , 6       , 4      , $0.0973    , $0.0977    , 0%       , 1.14 m    

 118 , EMC2              , 3       , 2      , $0.0611    , $0.0610    , 0%       , 242.89 k  

 119 , ENG               , 7       , 4      , $0.4546    , $0.4503    , -1%      , 315.82 k  

 120 , ENJ               , 10      , 4      , $0.0690    , $0.0683    , -1%      , 1.63 m    

 121 , EOS               , 23      , 7      , $4.21      , $4.18      , -1%      , 87.50 m   

 122 , ERD               , 5       , 1      , $0.0028    , $0.0027    , -1%      , 10.55 m   

 123 , ETC               , 32      , 8      , $6.11      , $6.07      , -1%      , 6.56 m    

 124 , ETH               , 439     , 14     , $226.08    , $224.83    , -1%      , 488.59 m  

 125 , ETN               , 5       , 2      , $0.0047    , $0.0047    , 0%       , 79.54 k   

 126 , EVX               , 3       , 2      , $0.4877    , $0.4818    , -1%      , 572.02 k  

 127 , EXCL              , 2       , 2      , $0.0849    , $0.0842    , -1%      , 11.07 k   

 128 , EXP               , 2       , 2      , $0.0562    , $0.0618    , 9%       , 20.67 k   

 129 , FAIR              , 1       , 1      , $0.0054    , $0.0054    , 1%       , 54.19 k   

 130 , FCT               , 5       , 4      , $3.87      , $3.83      , -1%      , 314.39 k  

 131 , FET               , 3       , 1      , $0.0797    , $0.0790    , -1%      , 4.59 m    

 132 , FLDC              , 1       , 1      , $0.0005    , N/A        , N/A      , 303.47    

 133 , FLIXX             , 3       , 1      , $0.0129    , $0.0126    , -2%      , 3.83 k    

 134 , FLO               , 1       , 1      , $0.0619    , $0.0615    , -1%      , 15.33 k   

 135 , FOAM              , 2       , 1      , $0.0454    , $0.0460    , 1%       , 6.73 k    

 136 , FSN               , 7       , 4      , $0.9510    , $0.9423    , -1%      , 1.12 m    

 137 , FTC               , 2       , 2      , $0.0137    , $0.0156    , 12%      , 9.62 k    

 138 , FTM               , 6       , 1      , $0.0203    , $0.0201    , -1%      , 3.31 m    

 139 , FTT               , 5       , 2      , $2.56      , $0.0015    , -172852% , 19.34 m   

 140 , FUEL              , 2       , 1      , $0.0032    , $0.0032    , -1%      , 1.97 m    

 141 , FUN               , 3       , 2      , $0.0026    , $0.0026    , -1%      , 61.01 k   

 142 , GAME              , 3       , 3      , $0.0568    , $0.0566    , 0%       , 18.21 k   

 143 , GAS               , 4       , 3      , $1.95      , $1.94      , -1%      , 219.48 k  

 144 , GAT               , 3       , 1      , $0.0066    , $0.0014    , -357%    , 789.09    

 145 , GBYTE             , 2       , 2      , $27.87     , $29.10     , 4%       , 16.55 k   

 146 , GEN               , 3       , 1      , $0.0678    , $0.0701    , 3%       , 7.51 k    

 147 , GEO               , 1       , 1      , $0.2404    , N/A        , N/A      , 242.87    

 148 , GET               , 4       , 2      , $0.0105    , $0.0104    , -1%      , 162.94 k  

 149 , GLC               , 1       , 1      , $0.0721    , N/A        , N/A      , 6.98 k    

 150 , GNO               , 8       , 3      , $18.06     , $17.98     , 0%       , 39.13 k   

 151 , GNT               , 17      , 7      , $0.0570    , $0.0566    , -1%      , 491.93 k  

 152 , GNX               , 2       , 1      , $0.0221    , $0.0225    , 2%       , 116.03 k  

 153 , GO                , 4       , 3      , $0.0116    , $0.0112    , -3%      , 185.76 k  

 154 , GRIN              , 5       , 2      , $3.08      , $3.02      , -2%      , 103.63 k  

 155 , GRS               , 6       , 4      , $0.2579    , $0.2545    , -1%      , 639.50 k  

 156 , GSC               , 1       , 1      , $0.0084    , N/A        , N/A      , 16.88 k   

 157 , GT                , 2       , 1      , $0.9189    , N/A        , N/A      , 92.82 k   

 158 , GTC               , 1       , 1      , $0.0068    , N/A        , N/A      , 30.02 k   

 159 , GTO               , 10      , 3      , $0.0158    , $0.0198    , 20%      , 222.64 k  

 160 , GUP               , 2       , 2      , $0.0098    , $0.0098    , 0%       , 4.83 k    

 161 , GVE               , 1       , 1      , $0.0005    , N/A        , N/A      , 11.56 k   

 162 , GVT               , 2       , 1      , $1.46      , $1.45      , -1%      , 254.68 k  

 163 , GXC               , 1       , 1      , $1.65      , N/A        , N/A      , 561.41 k  

 164 , GXS               , 2       , 1      , $1.65      , $1.63      , -1%      , 362.30 k  

 165 , GZE               , 3       , 1      , $0.0066    , N/A        , N/A      , 18.96     

 166 , HC                , 4       , 2      , $2.26      , $0.0025    , -90335%  , 2.66 m    

 167 , HIT               , 1       , 1      , $0.0001    , $0.0001    , 0%       , 115.95 k  

 168 , HMQ               , 2       , 2      , $0.0078    , $0.0080    , 2%       , 10.79 k   

 169 , HOT               , 4       , 1      , $0.0009    , $0.0080    , 88%      , 2.02 m    

 170 , HPT               , 1       , 1      , $0.0126    , N/A        , N/A      , 588.07 k  

 171 , HST               , 2       , 2      , $0.0331    , $0.0343    , 3%       , 7.27 k    

 172 , HT                , 11      , 1      , $5.12      , $5.07      , -1%      , 44.07 m   

 173 , HUSD              , 2       , 1      , $1.01      , N/A        , N/A      , 6.83 m    

 174 , HXRO              , 1       , 1      , $0.0436    , N/A        , N/A      , 3.65 k    

 175 , HYDRO             , 2       , 2      , $0.0007    , $0.0008    , 5%       , 33.56 k   

 176 , ICX               , 5       , 2      , $0.2204    , $0.2190    , -1%      , 4.00 m    

 177 , IDT               , 1       , 1      , $0.0238    , N/A        , N/A      , 794.46 k  

 178 , IGNIS             , 3       , 2      , $0.0354    , $0.0347    , -2%      , 346.54 k  

 179 , IHF               , 2       , 1      , $0.0632    , N/A        , N/A      , 6.88 k    

 180 , IHT               , 2       , 2      , $0.0061    , $0.0061    , 0%       , 57.81 k   

 181 , INCNT             , 1       , 1      , $0.3056    , N/A        , N/A      , 3.57 k    

 182 , INS               , 2       , 1      , $0.2367    , $0.2355    , -1%      , 322.38 k  

 183 , IOC               , 1       , 1      , $0.0945    , $0.0935    , -1%      , 1.88 k    

 184 , ION               , 2       , 2      , $0.0662    , $0.0656    , -1%      , 3.32 k    

 185 , IOP               , 2       , 2      , $0.0319    , N/A        , N/A      , 5.69 k    

 186 , IOST              , 9       , 4      , $0.0107    , $0.0105    , -2%      , 15.98 m   

 187 , IOTA              , 6       , 3      , $0.2751    , N/A        , N/A      , 2.09 m    

 188 , IOTX              , 4       , 3      , $0.0057    , $0.0056    , -2%      , 252.37 k  

 189 , IPSX              , 3       , 1      , $0.0002    , $0.0002    , -3%      , 333.13    

 190 , IQ                , 1       , 1      , $0.0027    , $0.0107    , 75%      , 63.15 k   

 191 , IRIS              , 1       , 1      , $0.0332    , $0.0329    , -1%      , 24.12 k   

 192 , ITC               , 2       , 1      , $0.2170    , $0.2150    , -1%      , 847.24 k  

 193 , JNT               , 2       , 2      , $0.0262    , $0.0257    , -2%      , 1.06 k    

 194 , KAN               , 1       , 1      , $0.0044    , $0.0043    , -1%      , 32.48 k   

 195 , KCASH             , 1       , 1      , $0.0132    , N/A        , N/A      , 72.13 k   

 196 , KEY               , 2       , 1      , $0.0018    , N/A        , N/A      , 155.23 k  

 197 , KMD               , 7       , 4      , $0.8493    , $0.8428    , -1%      , 1.18 m    

 198 , KNC               , 7       , 4      , $0.1693    , $0.1881    , 10%      , 386.97 k  

 199 , KRL               , 3       , 1      , $0.0714    , $0.0706    , -1%      , 27.87 k   

 200 , LAMB              , 1       , 1      , $0.1948    , $0.1937    , -1%      , 191.06 k  

 201 , LBA               , 4       , 3      , $0.0234    , $0.0232    , -1%      , 145.90 k  

 202 , LBC               , 3       , 3      , $0.0155    , $0.0154    , -1%      , 10.48 k   

 203 , LEND              , 2       , 1      , $0.0038    , $0.0038    , 0%       , 108.78 k  

 204 , LET               , 1       , 1      , $0.0059    , $0.0058    , -1%      , 76.06 k   

 205 , LIKE              , 3       , 1      , $0.0038    , $0.0038    , -1%      , 188.29    

 206 , LINK              , 9       , 3      , $2.33      , $2.31      , -1%      , 31.28 m   

 207 , LND               , 2       , 1      , $0.0070    , $0.0070    , 0%       , 5.63 k    

 208 , LOOM              , 11      , 6      , $0.0331    , $0.0334    , 1%       , 332.15 k  

 209 , LPT               , 1       , 1      , $7.08      , N/A        , N/A      , 55.75 k   

 210 , LRC               , 4       , 3      , $0.0381    , $0.0377    , -1%      , 351.46 k  

 211 , LSK               , 10      , 5      , $1.29      , $1.27      , -2%      , 494.14 k  

 212 , LTC               , 38      , 10     , $90.17     , $89.78     , 0%       , 110.06 m  

 213 , LUN               , 3       , 2      , $1.12      , $1.10      , -1%      , 1.27 m    

 214 , LXT               , 1       , 1      , $0.0323    , $0.0007    , -4247%   , 842.48 k  

 215 , MAID              , 3       , 2      , $0.1794    , $0.1777    , -1%      , 341.16 k  

 216 , MAN               , 1       , 1      , $0.0522    , $0.0494    , -6%      , 17.95 k   

 217 , MANA              , 12      , 6      , $0.0412    , $0.0402    , -2%      , 754.87 k  

 218 , MATIC             , 3       , 1      , $0.0159    , $0.0158    , -1%      , 57.38 m   

 219 , MCO               , 12      , 5      , $3.98      , $3.94      , -1%      , 760.86 k  

 220 , MDA               , 2       , 1      , $0.6668    , $0.6623    , -1%      , 147.96 k  

 221 , MDS               , 1       , 1      , $0.0077    , $0.0076    , -1%      , 26.99 k   

 222 , MEDX              , 3       , 2      , $0.0045    , $0.0052    , 14%      , 228.65 k  

 223 , MEET              , 1       , 1      , $0.0164    , N/A        , N/A      , 66.22 k   

 224 , MEME              , 2       , 2      , $0.0105    , $0.0105    , -1%      , 4.10 k    

 225 , MER               , 1       , 1      , $0.0087    , $0.0086    , -1%      , 9.99 k    

 226 , MET               , 2       , 2      , $0.8369    , $0.7337    , -14%     , 24.79     

 227 , META              , 2       , 2      , $0.0121    , N/A        , N/A      , 156.12 k  

 228 , MFT               , 6       , 3      , $0.0013    , $0.0013    , -1%      , 964.68 k  

 229 , MITH              , 5       , 2      , $0.0204    , $0.0246    , 17%      , 745.65 k  

 230 , MLN               , 3       , 2      , $5.86      , $5.80      , -1%      , 7.88 k    

 231 , MOBI              , 1       , 1      , $0.0086    , $0.0092    , 6%       , 77.90     

 232 , MOC               , 3       , 2      , $0.0272    , $0.0269    , -1%      , 1.04 m    

 233 , MONA              , 2       , 2      , $1.87      , $1.85      , -1%      , 366.29 k  

 234 , MORE              , 1       , 1      , $0.0566    , N/A        , N/A      , 44.15     

 235 , MRK               , 3       , 1      , $0.0023    , N/A        , N/A      , 3.09 k    

 236 , MT                , 4       , 2      , $0.0026    , $0.0024    , -11%     , 195.12 k  

 237 , MTH               , 2       , 1      , $0.0127    , $0.0125    , -1%      , 187.44 k  

 238 , MTL               , 5       , 3      , $0.3216    , $0.3189    , -1%      , 1.10 m    

 239 , MTN               , 3       , 1      , $0.0078    , $0.0084    , 7%       , 114.55    

 240 , MTX               , 1       , 1      , $0.0356    , $0.0352    , -1%      , 14.00 k   

 241 , MUE               , 2       , 2      , $0.0084    , $0.0083    , -1%      , 2.38 k    

 242 , MUSK              , 1       , 1      , $0.0047    , N/A        , N/A      , 41.88 k   

 243 , NANO              , 7       , 2      , $1.09      , $1.08      , -1%      , 2.49 m    

 244 , NAS               , 3       , 1      , $0.8508    , $0.8468    , 0%       , 186.80 k  

 245 , NAV               , 6       , 4      , $0.1163    , $0.1150    , -1%      , 236.40 k  

 246 , NCASH             , 6       , 4      , $0.0013    , $0.0013    , -1%      , 373.21 k  

 247 , NEBL              , 3       , 1      , $0.6485    , $0.6425    , -1%      , 164.36 k  

 248 , NEO               , 15      , 5      , $10.97     , $10.87     , -1%      , 9.71 m    

 249 , NEW               , 2       , 1      , $0.0029    , N/A        , N/A      , 2.11 m    

 250 , NEXO              , 2       , 1      , $0.0897    , $0.0883    , -2%      , 3.06 m    

 251 , NGC               , 2       , 2      , $0.0219    , $0.0205    , -7%      , 3.11 k    

 252 , NKN               , 3       , 3      , $0.0370    , $0.0374    , 1%       , 70.37 k   

 253 , NLC2              , 1       , 1      , $0.0027    , $0.0027    , -1%      , 47.22 k   

 254 , NLG               , 1       , 1      , $0.0088    , $0.0087    , -1%      , 11.70 k   

 255 , NMR               , 3       , 3      , $5.28      , $5.23      , -1%      , 69.48 k   

 256 , NPXS              , 8       , 4      , $0.0005    , $0.0005    , 1%       , 868.62 k  

 257 , NULS              , 5       , 2      , $0.4777    , $0.4763    , 0%       , 536.29 k  

 258 , NXS               , 5       , 3      , $0.2210    , $0.2188    , -1%      , 110.66 k  

 259 , NXT               , 7       , 3      , $0.0241    , $0.0229    , -5%      , 45.28 k   

 260 , OAX               , 4       , 2      , $0.0874    , $0.0862    , -1%      , 323.94 k  

 261 , OCN               , 6       , 3      , $0.0016    , $0.0016    , 0%       , 143.09 k  

 262 , OK                , 2       , 2      , $0.0531    , $0.0525    , -1%      , 92.64 k   

 263 , OMG               , 19      , 7      , $1.45      , $1.44      , -1%      , 4.55 m    

 264 , OMNI              , 1       , 1      , $2.17      , $2.15      , -1%      , 6.38 k    

 265 , ONE               , 6       , 1      , $0.0122    , $0.0123    , 1%       , 20.15 m   

 266 , ONG               , 8       , 4      , $0.2196    , $0.0059    , -3611%   , 262.81 k  

 267 , ONT               , 11      , 5      , $0.9192    , $0.9088    , -1%      , 4.50 m    

 268 , ORBS              , 3       , 2      , $0.0171    , N/A        , N/A      , 169.02 k  

 269 , OST               , 6       , 3      , $0.0117    , $0.0116    , -1%      , 272.14 k  

 270 , PAI               , 1       , 1      , $0.0288    , N/A        , N/A      , 210.54 k  

 271 , PAL               , 2       , 2      , $0.0016    , $0.0015    , -7%      , 33.86 k   

 272 , PART              , 2       , 2      , $2.68      , $2.65      , -1%      , 207.85 k  

 273 , PASC              , 1       , 1      , $0.1214    , $0.1279    , 5%       , 947.16    

 274 , PAX               , 39      , 3      , $1.01      , $1.00      , -1%      , 40.41 m   

 275 , PAY               , 4       , 2      , $0.1214    , $0.1215    , 0%       , 35.17 k   

 276 , PC                , 1       , 1      , $0.0015    , $0.0015    , -1%      , 822.10 k  

 277 , PHB               , 5       , 1      , $0.0062    , N/A        , N/A      , 546.99 k  

 278 , PHX               , 1       , 1      , $0.0061    , $0.0062    , 1%       , 76.62 k   

 279 , PI                , 2       , 2      , $0.0105    , $0.0104    , -1%      , 1.08 k    

 280 , PINK              , 1       , 1      , $0.0022    , $0.0021    , -1%      , 465.46    

 281 , PIVX              , 6       , 3      , $0.3776    , $0.3742    , -1%      , 425.79 k  

 282 , PLA               , 4       , 2      , $0.0010    , $0.0010    , -10%     , 4.94 k    

 283 , PMA               , 5       , 3      , $0.0005    , $0.0004    , -4%      , 27.74 k   

 284 , PNT               , 2       , 1      , $0.0002    , $0.0002    , -3%      , 66.53 k   

 285 , POA               , 3       , 1      , $0.0159    , $0.0157    , -1%      , 81.18 k   

 286 , POE               , 2       , 1      , $0.0029    , $0.0028    , -1%      , 144.19 k  

 287 , POLY              , 8       , 4      , $0.0449    , $0.0444    , -1%      , 441.78 k  

 288 , PORTAL            , 1       , 1      , $0.0045    , $0.0045    , 0%       , 29.04 k   

 289 , POT               , 1       , 1      , $0.0080    , $0.0079    , -1%      , 700.77    

 290 , POWR              , 10      , 4      , $0.0680    , $0.0672    , -1%      , 273.52 k  

 291 , PPC               , 1       , 1      , $0.4516    , $0.4470    , -1%      , 42.10 k   

 292 , PPT               , 2       , 1      , $0.7169    , $0.7059    , -2%      , 470.51 k  

 293 , PRO               , 2       , 2      , $0.1661    , $0.1663    , 0%       , 1.74 k    

 294 , PROPY             , 1       , 1      , $0.1677    , N/A        , N/A      , 24.99 k   

 295 , PTON              , 1       , 1      , $0.0005    , N/A        , N/A      , 2.02 k    

 296 , PTOY              , 2       , 2      , $0.0077    , $0.0076    , -1%      , 31.05 k   

 297 , PVT               , 1       , 1      , $0.0015    , N/A        , N/A      , 445.87 k  

 298 , QASH              , 67      , 2      , $0.1158    , $0.1141    , -1%      , 129.84 k  

 299 , QKC               , 3       , 2      , $0.0178    , $0.0179    , 0%       , 7.17 m    

 300 , QLC               , 3       , 1      , $0.0151    , $0.0149    , -1%      , 84.95 k   

 301 , QNT               , 2       , 2      , $8.43      , $8.44      , 0%       , 211.27 k  

 302 , QRL               , 2       , 2      , $0.2084    , $0.2074    , 0%       , 5.13 k    

 303 , QSP               , 4       , 2      , $0.0119    , N/A        , N/A      , 229.08 k  

 304 , QTUM              , 20      , 7      , $2.89      , $2.88      , 0%       , 2.33 m    

 305 , QUN               , 1       , 1      , $0.0113    , $0.0112    , -1%      , 55.96 k   

 306 , RADS              , 2       , 2      , $0.6336    , $0.6266    , -1%      , 2.22 k    

 307 , RBTC              , 1       , 1      , $11,892.76 , N/A        , N/A      , 86.62 k   

 308 , RCCC              , 1       , 1      , $0.0630    , N/A        , N/A      , 734.82 k  

 309 , RCN               , 6       , 4      , $0.0163    , $0.0162    , 0%       , 156.40 k  

 310 , RDD               , 2       , 2      , $0.0012    , $0.0012    , -1%      , 379.29 k  

 311 , RDN               , 4       , 2      , $0.2201    , $0.2168    , -2%      , 353.51 k  

 312 , REN               , 2       , 1      , $0.1158    , $0.1147    , -1%      , 6.81 m    

 313 , REP               , 20      , 7      , $10.99     , $10.89     , -1%      , 909.33 k  

 314 , REQ               , 3       , 2      , $0.0140    , $0.0138    , -1%      , 373.85 k  

 315 , RFOX              , 1       , 1      , $0.0102    , N/A        , N/A      , 43.53     

 316 , RFR               , 3       , 2      , $0.0013    , $0.0013    , 0%       , 147.09 k  

 317 , RLC               , 5       , 3      , $0.2905    , $0.2876    , -1%      , 204.94 k  

 318 , RSR               , 1       , 1      , $0.0032    , $0.0032    , 1%       , 77.78 k   

 319 , RVN               , 6       , 3      , $0.0390    , $0.0397    , 2%       , 5.37 m    

 320 , RVR               , 2       , 2      , $0.0086    , $0.0085    , -1%      , 19.55 k   

 321 , SALT              , 2       , 1      , $0.1149    , $0.1148    , 0%       , 31.26 k   

 322 , SBTC              , 1       , 1      , $1.95      , N/A        , N/A      , 13.33 k   

 323 , SC                , 14      , 5      , $0.0025    , $0.0025    , 0%       , 1.28 m    

 324 , SEELE             , 1       , 1      , $0.0279    , $0.0277    , -1%      , 293.12 k  

 325 , SERV              , 1       , 1      , $0.0059    , N/A        , N/A      , 761.78 k  

 326 , SHE               , 1       , 1      , $0.0018    , N/A        , N/A      , 68.33 k   

 327 , SHIFT             , 2       , 2      , $0.3411    , $0.3328    , -2%      , 2.96 k    

 328 , SIB               , 2       , 2      , $0.0632    , $0.0645    , 2%       , 4.69 k    

 329 , SIX               , 1       , 1      , $0.0137    , $0.0102    , -35%     , 29.70 k   

 330 , SKM               , 2       , 1      , $0.0039    , $0.0039    , 0%       , 569.59 k  

 331 , SKY               , 3       , 1      , $0.9925    , $0.9811    , -1%      , 283.75 k  

 332 , SLS               , 1       , 1      , $17.82     , N/A        , N/A      , 5.48 k    

 333 , SLT               , 1       , 1      , $0.9293    , $0.0154    , -5948%   , 1.95 k    

 334 , SMT               , 2       , 1      , $0.0056    , $0.0056    , 0%       , 63.85 k   

 335 , SNGLS             , 2       , 1      , $0.0080    , $0.0082    , 3%       , 45.50 k   

 336 , SNM               , 2       , 1      , $0.0119    , $0.0118    , -1%      , 1.09 m    

 337 , SNT               , 12      , 5      , $0.0204    , $0.0203    , 0%       , 563.31 k  

 338 , SOC               , 1       , 1      , $0.0044    , $0.0043    , -1%      , 223.42 k  

 339 , SOLVE             , 4       , 2      , $0.1368    , $0.1366    , 0%       , 2.56 m    

 340 , SPC               , 2       , 2      , $0.0048    , $0.0046    , -3%      , 2.99 k    

 341 , SPHR              , 2       , 2      , $0.1899    , $0.1882    , -1%      , 6.09 k    

 342 , SPHTX             , 3       , 1      , $0.0034    , $0.0033    , -4%      , 27.81     

 343 , SPND              , 3       , 2      , $0.0082    , $0.0086    , 4%       , 270.97 k  

 344 , SRN               , 5       , 2      , $0.0124    , $0.0124    , 0%       , 59.57 k   

 345 , STAC              , 1       , 1      , $0.0002    , N/A        , N/A      , 7.81 k    

 346 , STACS             , 7       , 1      , $0.0055    , $0.0053    , -4%      , 1.19 k    

 347 , STEEM             , 9       , 5      , $0.2034    , $0.2007    , -1%      , 691.70 k  

 348 , STORJ             , 7       , 5      , $0.1589    , $0.1566    , -1%      , 366.86 k  

 349 , STORM             , 8       , 3      , $0.0018    , $0.0018    , -1%      , 198.61 k  

 350 , STRAT             , 8       , 4      , $0.4569    , $0.4529    , -1%      , 735.93 k  

 351 , SWT               , 2       , 2      , $0.0756    , $0.0749    , -1%      , 911.13    

 352 , SYS               , 5       , 3      , $0.0262    , $0.0259    , -1%      , 304.30 k  

 353 , TFUEL             , 7       , 2      , $0.0064    , N/A        , N/A      , 480.76 k  

 354 , THETA             , 6       , 3      , $0.1185    , $0.1188    , 0%       , 739.09 k  

 355 , THRT              , 3       , 1      , $0.0087    , $0.0081    , -8%      , 92.74     

 356 , THX               , 1       , 1      , $0.0598    , N/A        , N/A      , 243.36    

 357 , TNB               , 2       , 1      , $0.0033    , $0.0033    , -1%      , 265.48 k  

 358 , TNT               , 4       , 2      , $0.0340    , $0.0323    , -5%      , 460.66 k  

 359 , TOPC              , 2       , 1      , $0.0182    , N/A        , N/A      , 1.53 m    

 360 , TOS               , 1       , 1      , $0.0028    , $0.0028    , -1%      , 31.93 k   

 361 , TPAY              , 3       , 1      , $0.4785    , $0.5430    , 12%      , 15.96 k   

 362 , TRAC              , 1       , 1      , $0.0158    , $0.0160    , 2%       , 49.68     

 363 , TRX               , 20      , 5      , $0.0222    , $0.0220    , -1%      , 35.84 m   

 364 , TT                , 2       , 2      , $0.0057    , $0.0058    , 1%       , 1.22 m    

 365 , TTC               , 3       , 2      , $0.0569    , N/A        , N/A      , 220.30 k  

 366 , TUBE              , 2       , 2      , $0.0182    , $0.0185    , 2%       , 45.03 k   

 367 , TUSD              , 38      , 3      , $1.01      , $1.00      , -1%      , 24.21 m   

 368 , TUSDB             , 1       , 1      , $1.01      , N/A        , N/A      , 228.49    

 369 , UBQ               , 2       , 2      , $0.1253    , $0.1240    , -1%      , 18.25 k   

 370 , UC                , 1       , 1      , $0.0006    , N/A        , N/A      , 99.29 k   

 371 , UGAS              , 2       , 1      , $0.1037    , $0.1037    , 0%       , 64.84 k   

 372 , UIP               , 1       , 1      , $0.0244    , $0.0256    , 4%       , 81.65 k   

 373 , UKG               , 7       , 3      , $0.0341    , $0.0338    , -1%      , 55.47 k   

 374 , UP                , 2       , 2      , $0.0063    , $0.0063    , -1%      , 27.11 k   

 375 , UPP               , 3       , 2      , $0.0149    , $0.0146    , -2%      , 138.48 k  

 376 , USDC              , 67      , 5      , $1.01      , $1.00      , -1%      , 73.34 m   

 377 , USDS              , 9       , 2      , $1.01      , $0.9986    , -1%      , 1.14 m    

 378 , USDSB             , 2       , 1      , $1.01      , N/A        , N/A      , 187.92 k  

 379 , USDT              , 189     , 6      , $1.01      , $1.00      , -1%      , 1.50 b    

 380 , VBK               , 1       , 1      , $0.0216    , $0.0214    , -1%      , 62.50 k   

 381 , VDX               , 1       , 1      , $0.0043    , $0.0043    , 0%       , 58.41 k   

 382 , VEE               , 2       , 2      , $0.0026    , $0.0026    , -1%      , 3.57 k    

 383 , VET               , 6       , 2      , $0.0049    , $0.0048    , -1%      , 5.23 m    

 384 , VIA               , 6       , 4      , $0.3001    , $0.2965    , -1%      , 661.87 k  

 385 , VIB               , 6       , 3      , $0.0194    , $0.0193    , -1%      , 370.75 k  

 386 , VIBE              , 2       , 1      , $0.0164    , $0.0162    , -1%      , 170.87 k  

 387 , VITE              , 2       , 2      , $0.0228    , $0.0239    , 4%       , 14.81 k   

 388 , VRC               , 2       , 2      , $0.0586    , $0.0571    , -3%      , 2.35 k    

 389 , VSYS              , 1       , 1      , $0.2097    , $0.2071    , -1%      , 435.99 k  

 390 , VTC               , 4       , 3      , $0.3354    , $0.3356    , 0%       , 123.84 k  

 391 , WABI              , 3       , 1      , $0.1167    , $0.1147    , -2%      , 220.49 k  

 392 , WAN               , 4       , 2      , $0.2293    , $0.2272    , -1%      , 759.90 k  

 393 , WAVES             , 14      , 4      , $1.36      , $1.34      , -1%      , 3.71 m    

 394 , WAX               , 5       , 2      , $0.0638    , $0.0636    , 0%       , 349.57 k  

 395 , WICC              , 2       , 1      , $0.1570    , $0.1575    , 0%       , 765.17 k  

 396 , WIN               , 4       , 1      , $0.0004    , $0.0004    , -1%      , 23.91 m   

 397 , WINGS             , 1       , 1      , $0.0521    , $0.0474    , -10%     , 2.00 k    

 398 , WLO               , 3       , 1      , $0.0327    , $0.0328    , 0%       , 1.13 k    

 399 , WPR               , 2       , 1      , $0.0059    , $0.0058    , -1%      , 129.15 k  

 400 , WTC               , 4       , 2      , $1.54      , $1.52      , -1%      , 1.37 m    

 401 , XDN               , 2       , 2      , $0.0008    , $0.0008    , -1%      , 16.29 k   

 402 , XEL               , 2       , 2      , $0.0200    , $0.0198    , -1%      , 5.50 k    

 403 , XEM               , 10      , 5      , $0.0626    , $0.0620    , -1%      , 1.59 m    

 404 , XES               , 3       , 1      , $0.0036    , N/A        , N/A      , 323.56    

 405 , XHV               , 2       , 2      , $0.3605    , $0.3561    , -1%      , 36.54 k   

 406 , XLM               , 27      , 9      , $0.0774    , $0.0775    , 0%       , 7.49 m    

 407 , XMR               , 25      , 7      , $94.95     , $93.99     , -1%      , 10.28 m   

 408 , XMX               , 1       , 1      , $0.0036    , $0.0003    , -1326%   , 605.22 k  

 409 , XMY               , 1       , 1      , $0.0014    , $0.0017    , 15%      , 696.42    

 410 , XNK               , 5       , 3      , $0.0023    , $0.0022    , -6%      , 7.66 k    

 411 , XPM               , 1       , 1      , $0.1868    , $0.1898    , 2%       , 1.51 k    

 412 , XRP               , 41      , 10     , $0.3090    , $0.3081    , 0%       , 112.51 m  

 413 , XST               , 1       , 1      , $0.0719    , $0.0711    , -1%      , 5.68 k    

 414 , XTZ               , 7       , 2      , $1.36      , $1.37      , 0%       , 4.66 m    

 415 , XVG               , 6       , 3      , $0.0053    , $0.0052    , 0%       , 915.98 k  

 416 , XZC               , 8       , 4      , $8.26      , $8.25      , 0%       , 693.29 k  

 417 , YCC               , 1       , 1      , $0.0130    , $0.0130    , 0%       , 108.31 k  

 418 , YEE               , 1       , 1      , $0.0019    , $0.0019    , -1%      , 72.18 k   

 419 , YOYOW             , 3       , 1      , $0.0142    , $0.0141    , -1%      , 76.67 k   

 420 , ZCO               , 3       , 1      , $0.0054    , $0.0048    , -13%     , 86.28     

 421 , ZEC               , 34      , 9      , $63.77     , $63.14     , -1%      , 20.88 m   

 422 , ZEN               , 7       , 4      , $6.84      , $6.76      , -1%      , 236.67 k  

 423 , ZIL               , 9       , 4      , $0.0088    , $0.0092    , 4%       , 3.70 m    

 424 , ZLA               , 1       , 1      , $0.0152    , $0.0151    , 0%       , 6.53 k    

 425 , ZRX               , 23      , 7      , $0.1948    , $0.1947    , 0%       , 2.18 m    
